{
  "id": "3747389",
  "name": "ywb",
  "font_family": "iconfont",
  "css_prefix_text": "icon-",
  "description": "",
  "glyphs": [
    {
      "icon_id": "1330915",
      "name": "个人账户",
      "font_class": "gerenzhanghu",
      "unicode": "e61c",
      "unicode_decimal": 58908
    },
    {
      "icon_id": "4945535",
      "name": "验证码",
      "font_class": "yanzhengma",
      "unicode": "e83f",
      "unicode_decimal": 59455
    },
    {
      "icon_id": "7568878",
      "name": "24gf-phoneLoudspeaker",
      "font_class": "24gf-phoneLoudspeaker",
      "unicode": "e969",
      "unicode_decimal": 59753
    },
    {
      "icon_id": "7762181",
      "name": "密码",
      "font_class": "ziyuanxhdpi",
      "unicode": "e62e",
      "unicode_decimal": 58926
    },
    {
      "icon_id": "18444826",
      "name": "用户",
      "font_class": "yonghu",
      "unicode": "e614",
      "unicode_decimal": 58900
    }
  ]
}
