{
	"pages": [{
			"path": "pages/login/login",
			"style": {
				"navigationBarTitleText": "登录",
				"navigationStyle": "custom",
				"app-plus": {
					"titleNView": false,
					"animationType": "fade-in"
				}
			}
		},
		{
			"path": "pages/mesh/mesh"
			// "style": {
			// 	"navigationStyle": "custom"
			// }
		},
		{
			"path": "pages/loc/loc",
			"style": {
				"app-plus": {
					"titleNView": {
						"buttons": [{
							"type": "menu"
						}]
					}
				}
			}
		},
		{
			"path": "pages/ucenter/ucenter"

		},
		{
			"path": "pages/ucenter/great/great"

		},
		{
			"path": "pages/ucenter/settings/settings"
		},
		{
			"path": "pages/ucenter/instruction/instruction"
		}, {
			"path": "pages/ucenter/feedback/feedback"
		}
	    ,{
            "path" : "pages/ucenter/data/data",
            "style" :                                                                                    
            {
                "navigationBarTitleText": "",
                "enablePullDownRefresh": false
            }
            
        }
    ],
	"globalStyle": {
		"navigationBarTextStyle": "white",
		"navigationBarTitleText": "GREAT 室内定位",
		// "transparentTitle": "always",
		"navigationBarBackgroundColor": "#2F85FC",
		"backgroundColor": "#F8F8F8"
	},
	"tabBar": {
		"color": "#7A7E83",
		"selectedColor": "#007AFF",
		"borderStyle": "black",
		"backgroundColor": "#FFFFFF",
		"list": [{
			"pagePath": "pages/mesh/mesh",
			"iconPath": "static/tabbar/mesh.png",
			"selectedIconPath": "static/tabbar/mesh-slt.png",
			"text": "Mesh组网"
		}, {
			"pagePath": "pages/loc/loc",
			"iconPath": "static/tabbar/loc.png",
			"selectedIconPath": "static/tabbar/loc-slt.png",
			"text": "室内定位"
		}, {
			"pagePath": "pages/ucenter/ucenter",
			"iconPath": "static/tabbar/mine.png",
			"selectedIconPath": "static/tabbar/mine-slt.png",
			"text": "我的"
		}]
	},
	"uniIdRouter": {}
}
