<?xml version="1.0" encoding="UTF-8" ?>
<!DOCTYPE mapper
PUBLIC "-//mybatis.org//DTD Mapper 3.0//EN"
"http://mybatis.org/dtd/mybatis-3-mapper.dtd">
<mapper namespace="com.ruoyi.system.mapper.TbApMapper">
    
    <resultMap type="TbAp" id="TbApResult">
        <result property="apId"    column="ap_id"    />
        <result property="apName"    column="ap_name"    />
        <result property="apMac"    column="ap_mac"    />
        <result property="apX"    column="ap_x"    />
        <result property="apY"    column="ap_y"    />
        <result property="createTime"    column="create_time"    />
        <result property="updateTime"    column="update_time"    />
        <result property="sceneId"    column="scene_id"    />
    </resultMap>

    <sql id="selectTbApVo">
        select ap_id, ap_name, ap_mac, ap_x, ap_y, create_time, update_time, scene_id from tb_ap
    </sql>

    <select id="selectTbApList" parameterType="TbAp" resultMap="TbApResult">
        <include refid="selectTbApVo"/>
        <where>  
            <if test="apId != null "> and ap_id = #{apId}</if>
            <if test="apName != null  and apName != ''"> and ap_name like concat('%', #{apName}, '%')</if>
            <if test="apMac != null  and apMac != ''"> and ap_mac = #{apMac}</if>
            <if test="sceneId != null "> and scene_id = #{sceneId}</if>
        </where>
    </select>
    
    <select id="selectTbApByApId" parameterType="Long" resultMap="TbApResult">
        <include refid="selectTbApVo"/>
        where ap_id = #{apId}
    </select>
        
    <insert id="insertTbAp" parameterType="TbAp" useGeneratedKeys="true" keyProperty="apId">
        insert into tb_ap
        <trim prefix="(" suffix=")" suffixOverrides=",">
            <if test="apName != null">ap_name,</if>
            <if test="apMac != null">ap_mac,</if>
            <if test="apX != null">ap_x,</if>
            <if test="apY != null">ap_y,</if>
            <if test="createTime != null">create_time,</if>
            <if test="updateTime != null">update_time,</if>
            <if test="sceneId != null">scene_id,</if>
         </trim>
        <trim prefix="values (" suffix=")" suffixOverrides=",">
            <if test="apName != null">#{apName},</if>
            <if test="apMac != null">#{apMac},</if>
            <if test="apX != null">#{apX},</if>
            <if test="apY != null">#{apY},</if>
            <if test="createTime != null">#{createTime},</if>
            <if test="updateTime != null">#{updateTime},</if>
            <if test="sceneId != null">#{sceneId},</if>
         </trim>
    </insert>

    <update id="updateTbAp" parameterType="TbAp">
        update tb_ap
        <trim prefix="SET" suffixOverrides=",">
            <if test="apName != null">ap_name = #{apName},</if>
            <if test="apMac != null">ap_mac = #{apMac},</if>
            <if test="apX != null">ap_x = #{apX},</if>
            <if test="apY != null">ap_y = #{apY},</if>
            <if test="createTime != null">create_time = #{createTime},</if>
            <if test="updateTime != null">update_time = #{updateTime},</if>
            <if test="sceneId != null">scene_id = #{sceneId},</if>
        </trim>
        where ap_id = #{apId}
    </update>

    <delete id="deleteTbApByApId" parameterType="Long">
        delete from tb_ap where ap_id = #{apId}
    </delete>

    <delete id="deleteTbApByApIds" parameterType="String">
        delete from tb_ap where ap_id in 
        <foreach item="apId" collection="array" open="(" separator="," close=")">
            #{apId}
        </foreach>
    </delete>
</mapper>