<?xml version="1.0" encoding="UTF-8" ?>
<!DOCTYPE mapper
PUBLIC "-//mybatis.org//DTD Mapper 3.0//EN"
"http://mybatis.org/dtd/mybatis-3-mapper.dtd">
<mapper namespace="com.ruoyi.system.mapper.TbCoorRssiMapper">
    
    <resultMap type="TbCoorRssi" id="TbCoorRssiResult">
        <result property="crId"    column="cr_id"    />
        <result property="wifiapCoor"    column="wifiap_coor"    />
        <result property="wifiRssi"    column="wifi_rssi"    />
        <result property="createTime"    column="create_time"    />
        <result property="updateTime"    column="update_time"    />
        <result property="sceneId"    column="scene_id"    />
    </resultMap>

    <sql id="selectTbCoorRssiVo">
        select cr_id, wifiap_coor, wifi_rssi, create_time, update_time, scene_id from tb_coor_rssi
    </sql>

    <select id="selectTbCoorRssiList" parameterType="TbCoorRssi" resultMap="TbCoorRssiResult">
        <include refid="selectTbCoorRssiVo"/>
        <where>  
            <if test="wifiapCoor != null  and wifiapCoor != ''"> and wifiap_coor like concat('%', #{wifiapCoor}, '%')</if>
            <if test="sceneId != null "> and scene_id = #{sceneId}</if>
        </where>
    </select>
    
    <select id="selectTbCoorRssiByCrId" parameterType="Long" resultMap="TbCoorRssiResult">
        <include refid="selectTbCoorRssiVo"/>
        where cr_id = #{crId}
    </select>
        
    <insert id="insertTbCoorRssi" parameterType="TbCoorRssi" useGeneratedKeys="true" keyProperty="crId">
        insert into tb_coor_rssi
        <trim prefix="(" suffix=")" suffixOverrides=",">
            <if test="wifiapCoor != null">wifiap_coor,</if>
            <if test="wifiRssi != null">wifi_rssi,</if>
            <if test="createTime != null">create_time,</if>
            <if test="updateTime != null">update_time,</if>
            <if test="sceneId != null">scene_id,</if>
         </trim>
        <trim prefix="values (" suffix=")" suffixOverrides=",">
            <if test="wifiapCoor != null">#{wifiapCoor},</if>
            <if test="wifiRssi != null">#{wifiRssi},</if>
            <if test="createTime != null">#{createTime},</if>
            <if test="updateTime != null">#{updateTime},</if>
            <if test="sceneId != null">#{sceneId},</if>
         </trim>
    </insert>

    <update id="updateTbCoorRssi" parameterType="TbCoorRssi">
        update tb_coor_rssi
        <trim prefix="SET" suffixOverrides=",">
            <if test="wifiapCoor != null">wifiap_coor = #{wifiapCoor},</if>
            <if test="wifiRssi != null">wifi_rssi = #{wifiRssi},</if>
            <if test="createTime != null">create_time = #{createTime},</if>
            <if test="updateTime != null">update_time = #{updateTime},</if>
            <if test="sceneId != null">scene_id = #{sceneId},</if>
        </trim>
        where cr_id = #{crId}
    </update>

    <delete id="deleteTbCoorRssiByCrId" parameterType="Long">
        delete from tb_coor_rssi where cr_id = #{crId}
    </delete>

    <delete id="deleteTbCoorRssiByCrIds" parameterType="String">
        delete from tb_coor_rssi where cr_id in 
        <foreach item="crId" collection="array" open="(" separator="," close=")">
            #{crId}
        </foreach>
    </delete>
</mapper>