<?xml version="1.0" encoding="UTF-8" ?>
<!DOCTYPE mapper
PUBLIC "-//mybatis.org//DTD Mapper 3.0//EN"
"http://mybatis.org/dtd/mybatis-3-mapper.dtd">
<mapper namespace="com.ruoyi.system.mapper.TbMapMapper">
    
    <resultMap type="TbMap" id="TbMapResult">
        <result property="mapId"    column="map_id"    />
        <result property="mapUrl"    column="map_url"    />
        <result property="mapX"    column="map_x"    />
        <result property="mapY"    column="map_y"    />
        <result property="mapName"    column="map_name"    />
        <result property="createTime"    column="create_time"    />
        <result property="updateTime"    column="update_time"    />
        <result property="sceneId"    column="scene_id"    />
    </resultMap>

    <sql id="selectTbMapVo">
        select map_id, map_url, map_x, map_y, map_name, create_time, update_time, scene_id from tb_map
    </sql>

    <select id="selectTbMapList" parameterType="TbMap" resultMap="TbMapResult">
        <include refid="selectTbMapVo"/>
        <where>  
            <if test="mapId != null "> and map_id = #{mapId}</if>
            <if test="mapName != null  and mapName != ''"> and map_name like concat('%', #{mapName}, '%')</if>
            <if test="sceneId != null "> and scene_id = #{sceneId}</if>
        </where>
    </select>
    
    <select id="selectTbMapByMapId" parameterType="Long" resultMap="TbMapResult">
        <include refid="selectTbMapVo"/>
        where map_id = #{mapId}
    </select>
        
    <insert id="insertTbMap" parameterType="TbMap" useGeneratedKeys="true" keyProperty="mapId">
        insert into tb_map
        <trim prefix="(" suffix=")" suffixOverrides=",">
            <if test="mapUrl != null">map_url,</if>
            <if test="mapX != null">map_x,</if>
            <if test="mapY != null">map_y,</if>
            <if test="mapName != null">map_name,</if>
            <if test="createTime != null">create_time,</if>
            <if test="updateTime != null">update_time,</if>
            <if test="sceneId != null">scene_id,</if>
         </trim>
        <trim prefix="values (" suffix=")" suffixOverrides=",">
            <if test="mapUrl != null">#{mapUrl},</if>
            <if test="mapX != null">#{mapX},</if>
            <if test="mapY != null">#{mapY},</if>
            <if test="mapName != null">#{mapName},</if>
            <if test="createTime != null">#{createTime},</if>
            <if test="updateTime != null">#{updateTime},</if>
            <if test="sceneId != null">#{sceneId},</if>
         </trim>
    </insert>

    <update id="updateTbMap" parameterType="TbMap">
        update tb_map
        <trim prefix="SET" suffixOverrides=",">
            <if test="mapUrl != null">map_url = #{mapUrl},</if>
            <if test="mapX != null">map_x = #{mapX},</if>
            <if test="mapY != null">map_y = #{mapY},</if>
            <if test="mapName != null">map_name = #{mapName},</if>
            <if test="createTime != null">create_time = #{createTime},</if>
            <if test="updateTime != null">update_time = #{updateTime},</if>
            <if test="sceneId != null">scene_id = #{sceneId},</if>
        </trim>
        where map_id = #{mapId}
    </update>

    <delete id="deleteTbMapByMapId" parameterType="Long">
        delete from tb_map where map_id = #{mapId}
    </delete>

    <delete id="deleteTbMapByMapIds" parameterType="String">
        delete from tb_map where map_id in 
        <foreach item="mapId" collection="array" open="(" separator="," close=")">
            #{mapId}
        </foreach>
    </delete>
</mapper>