<?xml version="1.0" encoding="UTF-8" ?>
<!DOCTYPE mapper
PUBLIC "-//mybatis.org//DTD Mapper 3.0//EN"
"http://mybatis.org/dtd/mybatis-3-mapper.dtd">
<mapper namespace="com.ruoyi.system.mapper.TbSceneMapper">
    
    <resultMap type="TbScene" id="TbSceneResult">
        <result property="sceneId"    column="scene_id"    />
        <result property="sceneName"    column="scene_name"    />
        <result property="createTime"    column="create_time"    />
        <result property="updateTime"    column="update_time"    />
    </resultMap>

    <sql id="selectTbSceneVo">
        select scene_id, scene_name, create_time, update_time from tb_scene
    </sql>

    <select id="selectTbSceneList" parameterType="TbScene" resultMap="TbSceneResult">
        <include refid="selectTbSceneVo"/>
        <where>  
            <if test="sceneId != null "> and scene_id = #{sceneId}</if>
            <if test="sceneName != null  and sceneName != ''"> and scene_name like concat('%', #{sceneName}, '%')</if>
        </where>
    </select>
    
    <select id="selectTbSceneBySceneId" parameterType="Long" resultMap="TbSceneResult">
        <include refid="selectTbSceneVo"/>
        where scene_id = #{sceneId}
    </select>
        
    <insert id="insertTbScene" parameterType="TbScene" useGeneratedKeys="true" keyProperty="sceneId">
        insert into tb_scene
        <trim prefix="(" suffix=")" suffixOverrides=",">
            <if test="sceneName != null">scene_name,</if>
            <if test="createTime != null">create_time,</if>
            <if test="updateTime != null">update_time,</if>
         </trim>
        <trim prefix="values (" suffix=")" suffixOverrides=",">
            <if test="sceneName != null">#{sceneName},</if>
            <if test="createTime != null">#{createTime},</if>
            <if test="updateTime != null">#{updateTime},</if>
         </trim>
    </insert>

    <update id="updateTbScene" parameterType="TbScene">
        update tb_scene
        <trim prefix="SET" suffixOverrides=",">
            <if test="sceneName != null">scene_name = #{sceneName},</if>
            <if test="createTime != null">create_time = #{createTime},</if>
            <if test="updateTime != null">update_time = #{updateTime},</if>
        </trim>
        where scene_id = #{sceneId}
    </update>

    <delete id="deleteTbSceneBySceneId" parameterType="Long">
        delete from tb_scene where scene_id = #{sceneId}
    </delete>

    <delete id="deleteTbSceneBySceneIds" parameterType="String">
        delete from tb_scene where scene_id in 
        <foreach item="sceneId" collection="array" open="(" separator="," close=")">
            #{sceneId}
        </foreach>
    </delete>
</mapper>